file,law_name,year,chapters,sections
administrator00607dfddff08b6d0a71b341f1667f23.json,"THE PAKISTAN STUDY CENTRES, ACT",1976,1,13
administrator0088a4e5781b74cea37ea233c4a2e2c5.json,THE CHURCH OF SCOTLAND KIRK SESSIONS ACT,1899,1,3
administrator00c80ea2ca2b4893b362c3c44bddafe2.json,THE ARMED FORCES (EMERGENCY DUTIES) ACT,1947,1,3
administrator0101918a1a0e6cdb96f6e0e8f3453767.json,THE NETWORK ANALYSER STUDY CENTRE (TRANSFER TO WAPDA) ORDINANCE,1983,1,4
administrator013dce43abb4246aff25c6c343830235.json,THE OFFENCE OF ZINA (ENFORCEMENT OF HUDOOD) ORDINANCE,1979,1,11
administrator0158e1a02138a940073e102386a7525a.json,THE OATHS ACT,1873,5,16
administrator02b600b49ea24e787b8b7a99aaf4202f.json,THE STANDARDS OF WEIGHT ACT,1939,1,6
administrator030cc282023223109516f8022bd6a802.json,"THE MANOEUVRES, FIELD FIRING AND ARTILLERY PRACTICE ACT",1938,3,11
administrator0316da7d3863efa4378a3c4e87a9e42f.json,"The Mines Maternity Benefit Act, 1941",1941,0,0
administrator03228293f22331aa4d74568d913399ac.json,THE PUNJAB LAWS ACT,1872,12,32
administrator0378b1efd2db788f7749c3f7f60824ab.json,"The Prevention of Anti-National Activities Act, 1974",1974,0,0
administrator03c531e7f7d81cd4c6261f24b42be93a.json,THE NON-PERFORMING ASSETS AND REHABILITATION OF INDUSTRIAL UNDERTAKINGS (LEGAL PROCEEDINGS) ORDINANCE,2000,1,21
administrator03eadfb5474bfa7c9e45ab4558d5a926.json,"The Sale of Goods Act, 1930",1930,0,0
administrator0449eaff2b216ed0348847b7647bb565.json,THE IDENTIFICATION OF PRISONERS ACT,1920,1,9
administrator0506da23281ece11e55cd37fe1f0c072.json,THE PAKISTAN MERCHANT SHIPPING ORDINANCE,2001,16,229
administrator0514adf6314402fef39409941c94e967.json,"Ah Act, 1991",1991,0,0
administrator053bfb0cec64bcd950340d22481b7407.json,THE PROVINCIAL SERVICE TRIBUNALS (EXTENSION OF PROVISIONS OF THE CONSTITUTION) ACT,1974,1,2
administrator05a7a8b2a11c238806313e31366151d3.json,THE MANAGED CEMENT ESTABLISHMENTS (PAYMENT TO CORPORATION) ORDINANCE,1979,2,6
administrator06b1dbf48a2c60132bc6e65ad3241ba1.json,THE FISHERIES ACT,1897,1,7
administrator06b4e2ee21cb218f3dd7196ff185f5a8.json,The Cotton Industry (Statistics) Act,1926,1,9
administrator0715715fcd90737ae3ae71cfc935fa6f.json,THE SUGAR-CANE ACT,1934,1,8
administrator07d9e49158ba80ccd546ad885d7ec6c5.json,THE DISABLED PERSONS (EMPLOYMENT AND REHABILITATION) ORDINANCE,1981,1,22
administrator084fe1e8bb9f566b2f0023574816a68f.json,"The Imports and Exports (Control) Act, 1950",1950,0,0
administrator08daaa3b42611022ec49c811a6a6cbda.json,"The Terrorist Affected Areas (Special Courts) Act, 1992",1992,0,0
administrator08faeb7132cfcd3cb0dfe82ca6b14120.json,The Cantonments (Requisitioning of Immoveable Property) Ordinance,1948,1,10
administrator0952b67af6050400c6dc486027660653.json,THE HIGH TREASON (PUNISHMENT) ACT,1973,1,3
administrator097759e0f2a16527881669c6e1435919.json,THE TRUSTS ACT,1882,10,98
administrator0996fad25a7b29006833282d1ee171a0.json,"The Korangi Fisheries Harbour Authority Ordinance, 1982",1982,0,0
administrator09e29cb08a9a7e554129b256e81b89fb.json,"Relief Act, 1879",1879,0,0
administrator09eb379c74fd78d1e0577baea5958731.json,The Requisitioned Land (Continuance of Powers) Ordinance,1969,1,10
administrator0a802e3468735238090ceede22ccfd11.json,"The Arbitration Act, 1940",1940,0,0
administrator0a85362fe08703aa3dd56b1d6bc349f1.json,THE EPIDEMIC DISEASES ACT,1897,1,5
administrator0a8911d25a8f2990d791513113b28c9d.json,Pakistan Medical and Dental Council Ordinance,1962,1,46
administrator0b76cb2fe668d9adcc52e221e05cf399.json,THE INTELLECTUAL PROPERTY ORGANIZATION OF PAKISTAN ACT,2012,1,39
administrator0c13b1a7f9b06c8d1d4b0e0f352ff4ba.json,THE CHILDREN (PLEDGING OF LABOUR) ACT,1933,1,6
administrator0c8370631eeb4ddf14d55a6f11cdd3be.json,THE EX-GOVERNMENT SERVANTS (EMPLOYMENT WITH FOREIGN GOVERNMENTS) (PROHIBITION) ACT,1966,1,4
administrator0c86b7462c4639789b27534aaadf1c27.json,THE TRAFFIC OFFENCES (SPECIAL COURTS) ORDINANCE,1981,1,7
administrator0ca6ad9e71e29aa62dce67b3f67aff45.json,"The Passports Act, 1974",1974,0,0
administrator0cb12b901d4304d7e5463da076d88639.json,THE CHILD MARRIAGE RESTRAINT ACT,1929,1,9
administrator0d00360b02f38387639f455f5ead73a3.json,"The Naval Armament Act, 1923",1923,0,0
administrator0d542ced233234c414aadc7686500a54.json,THE POLICE ACT,1888,1,4
administrator0d8373dfae195c4de13b0bd012416abb.json,THE PAKISTAN ELECTRONIC MEDIA REGULATORY AUTHORITY ORDINANCE,2002,3,4
administrator0dc721bb2bef23db45633e35e344ae27.json,THE SOCIETIES REGISTRATION ACT,1860,1,13
administrator0df06063881cf52f2af13170458519ee.json,THE PAKISTAN NATIONAL COUNCIL OF THE ARTS ACT,1973,1,11
administrator0dfab7f2b790bd796874a4852c6ec18f.json,"The Provincial Industrial Development Corporation (West Pakistan) Ordinance, 1962",1962,0,0
administrator0ec3cfea1b3f330a93b185f57df04634.json,"The Board of Investment Ordinance, 2001",2001,0,0
administrator0f037525851391debc0835ec00e84cbf.json,THE CHEMICAL FERTILIZERS (DEVELOPMENT SURCHARGE) ACT,1973,1,9
administrator0f28ec90593cc5ad5a87ecfdb07b9f8a.json,THE PROTECTION OF PORTS (SPECIAL MEASURES) ACT,1948,1,9
administrator0f29bc9f1e3dfed37c0034eed1e29d53.json,"The Registration Act, 1908",1908,0,0
administrator0fe839ca47be25af43e93b0624d381fa.json,"The Unani, Ayurvedic and Homoeopathic Practitioners Act, 1965",1965,0,0
administrator10b09c34cfd7e31b03898bd6ec49dfe9.json,"The Securities Act, 1920",1920,0,0
administrator10d4d0abed291f96ba657e253b662fbd.json,"THE CONTROLLER GENERAL OF ACCOUNTS (APPOINTMENT, FUNCTIONS AND POWERS) ORDINANCE",2001,1,13
administrator115eb4cdf42e26de22d5b390f8e63d51.json,THE GOVERNMENT GRANTS ACT,1895,1,3
administrator126e90f09560824ba1b1d42194599446.json,THE POISONS ACT,1919,1,10
administrator12cd47f04a73bf595c27325c7933ae84.json,THE RULES AND REGULATIONS CONTINUANCE ACT,1937,1,2
administrator12ef37744f5d96021a58218c02e3bde7.json,THE FUNDS VESTING IN THE PRESIDENT (TRANSFER) ACT,1973,1,2
administrator131b6e2a860ffda1d587fbd4bc73d116.json,THE SENATE (ELECTION) ACT,1975,8,75
administrator13327cab85e3eeb3b0dd160be6243103.json,THE PUBLIC GAMBLING ACT,1867,1,8
administrator137760b6514f08227cd187d4660d6da5.json,THE NATIONAL FUND FOR CULTURAL HERITAGE ACT,1994,1,10
administrator14691431731f3febeba4058852a3b178.json,Destruction of Records Act,1917,1,6
administrator14909d11f691ce6528aa55ab6c9aa891.json,THE DISCONTINUANCE OF MEDICAL REIMBURSEMENT ACT,1972,1,4
administrator1492862fd4c16e6ea36613c06089b692.json,THE CUTCHI MEMONS ACT,1938,1,4
administrator15055bd7e69390aaa2043b5a02be7d87.json,THE PAY-AS-YOU-EARN SCHEME ACT,1973,1,5
administrator156987c962fa6c15532c4e3a382980b8.json,THE STATE BANK OF PAKISTAN ACT,1956,5,12
administrator15e53c2db484572b555fac3ad9b24893.json,THE MARRIAGE FUNCTIONS (PROHIBITION OF OSTENTATIOUS DISPLAY AND WASTEFUL EXPENSES) ORDINANCE,2000,1,7
administrator165ac315d2401298f0e4c29fc62b16b5.json,THE SUITS VALUATION ACT,1887,3,12
administrator169829d77aa24cbd19baeb40776f2a89.json,THE PRISONERS ACT,1900,5,28
administrator16a64f92734a087c34a808294e416e15.json,"The Right To Free and Compulsory Education Act, 2012",2012,0,0
administrator17094efb999f9a865461eb1498175947.json,The Pakistan Environmental Protection Act,1997,1,34
administrator183bd5ab6b69cfd8ff0b4c2eb366597f.json,THE CIGARETTES (PRINTING OF WARNING) ORDINANCE,1979,1,8
administrator188d12d727924bc80f309f0efa79b351.json,THE KARACHI ELECTRICITY CONTROL ACT,1952,1,12
administrator193484c31f7b4b5c5cbd0aae5038201e.json,"The Bonded Labour System (Abolition) Act,1992",1992,0,0
administrator1a87cc04f2760565ff78e6c8d991c287.json,THE PUBLIC INVESTMENTS (FINANCIAL SAFEGUARDS) ORDINANCE,1960,1,11
administrator1b1941b93a9c3b995b38b93cdca874fe.json,THE RECOGNITION AND ENFORCEMENT (ARBITRATION AGREEMENT AND FOREIGN ARBITRAL AWARDS) ACT,2011,1,10
administrator1b5b9becb8d92cfaf75bd5000a05964c.json,"The Civil Pioneer Force Ordinance, 1965",1965,0,0
administrator1bc3ad732b91e47508abf826f2840d15.json,THE PETROLEUM PRODUCTS PETROLEUM LEVY AND CLIMATE SUPPORT LEVY ORDINANCE,1961,1,9
administrator1c780bc21fc1c4e01e81569e040d0016.json,THE ASSOCIATED CEMENT (VESTING) ACT,1974,1,12
administrator1c90220dff082736b76ee7037c41bd8c.json,The Notaries Ordinance,1961,1,16
administrator1c965c4e8c39cb3fb88c8d52c7a1a313.json,THE PAKISTAN INSURANCE CORPORATION (RE-ORGANIZATION) ORDINANCE,2000,1,7
administrator1cbd99cb7f8f339e9c392ec37738953f.json,THE NATIONAL HIGHWAY AUTHORITY ACT,1991,7,31
administrator1cdc2c1984d114c218b12002966d7eb5.json,THE PUBLIC ORDER (POLITICAL UNIFORMS) ORDINANCE,1958,1,6
administrator1da805862bf6082a4728551b67820fc9.json,Ehtram-e-Ramazan Ordinance,1981,1,10
administrator1df90f20cebe025427367ba96a4f1b62.json,"The North-West Frontier Constabulary Act, 1915",1915,0,0
administrator1e3813f2332b8766f11c84b8a33bc0fb.json,THE CENTRAL EXCISE DUTY ON SUGAR (VALIDATION) ORDINANCE,1979,1,2
administrator1f5f52f7d710ca51c7669f1fb3752d25.json,THE JAMMU AND KASHMIR (ADMINISTRATION OF PROPERTY) ORDINANCE,1961,1,13
administrator1ffec6691fbc17d3bb65499f38663e59.json,Law Commission Ordinance,1979,1,13
administrator20d3803f6a700fda5191b9a29f11e7ac.json,The Karachi Essential Articles (Price Control and Anti-Hoarding) Act,1953,1,18
administrator20fdf57154a60334611d239e58068a11.json,"The International Islamic University Ordinance, 1985",1985,0,0
administrator2153575f47e8a97a8776320d8eac6a3c.json,THE HINDU DISPOSITION OF PROPERTY ACT,1916,1,5
administrator21bb14bbc6e056e91de5499c01197754.json,THE KARACHI HOTELS AND LODGING HOUSES (CONTROL) ACT,1950,1,11
administrator21f5d7789eda7210fd6bbbb77b49375e.json,THE PRISONS ACT,1894,12,50
administrator2206851d997920a2e40dfb7fb73292aa.json,THE BANKS (TRANSFER OF ASSETS AND LIABILITIES) ACT,1974,1,18
administrator22a7cbe4feb13c97121968c20d606d55.json,"The Cotton Cess Act, 1923",1923,0,0
administrator253828764c02df35a2ed7930e508796f.json,THE PAKISTAN BOY SCOUTS ASSOCIATION ORDINANCE,1959,1,6
administrator2572c4ac0ac32549a5562652ef9cf8a9.json,The Official Trustees Act,1913,6,30
administrator25f8872773a009ddfefb71c90ada01dc.json,"The Port Qasim Authority Act, 1973",1973,0,0
administrator26067ba220b033040ae07ffdeced81c9.json,"The Pakistan National Service Ordinance, 1970",1970,0,0
administrator26a975453aac76e06711066e6c07e718.json,THE MINIMUM WAGES ORDINANCE,1961,1,18
administrator26dfa37379a318e57bfc8c46e3f5a00b.json,"THE MILITARY COLLEGE OF ENGINEERING, RISALPUR (DEGREE) ORDINANCE",1962,1,13
administrator275d810bafa9a4c7a4447490e951612d.json,"The Nfc Institute of Engineering and Technology Multan Act, 2012",2012,0,0
administrator27d951fd230e0234282d0133cb695b0e.json,"The Price Control and Prevention of Profiteering and Hoarding Act, 1977",1977,0,0
administrator288d0a3ec8ff89402149c031823f12e7.json,THE CASTE DISABILITIES REMOVAL ACT,1850,1,1
administrator289aee517e7b8512e341194f9e846738.json,"The Investigation For Fair Trial Act, 2013",2013,0,0
administrator28cd90a18aea57042f8ddc40ccd8cf98.json,THE PUBLIC PROCUREMENT REGULATORY AUTHORITY ORDINANCE,2002,6,28
administrator2914cd51061df9fa5d219cb45256f7c1.json,THE ROAD TRANSPORT WORKERS ORDINANCE,1961,1,15
administrator2b9f48ff4791d066505c4dd5a66f39fb.json,"THE FEDERAL SUPERVISION OF CURRICULA, TEXT-BOOKS AND MAINTENANCE OF STANDARDS OF EDUCATION ACT",1976,1,7
administrator2bbb145adb573172ec68151f4e70dfb5.json,THE NEGOTIABLE INSTRUMENTS ACT,1881,18,173
administrator2bf46ebacdc8899d104188e8d1bd16f9.json,The Public Debt Act,1944,1,29
administrator2c29e2a637d806dbaa9c78a34c8642da.json,THE DEFENCE SERVICES (INQUIRY) (SPECIAL PROVISIONS) ORDINANCE,1969,1,6
administrator2d28ef7cb8af946302cb2077f97b3aaa.json,THE ALLOPATHIC SYSTEM (PREVENTION OF MISUSE) ORDINANCE,1962,1,11
administrator2e1201b88294a777514d9ef976e152d8.json,THE UNITED NATIONS (PRIVILEGES AND IMMUNITIES) ACT,1948,2,22
administrator2e171c7427b76a35922f5982ad2ea5be.json,"THE ISLAMABAD WILDLIFE (PROTECTION, PRESERVATION, CONSERVATION AND MANAGEMENT) ORDINANCE",1979,1,13
administrator2eb2a776b40c7f4ec10940a4de8742ad.json,"The Dar-Ul-Madina International University Islamabad Act, 2013",2013,0,0
administrator2ee5578ca7f0081f5d589a84de29b868.json,The Railways Act,1890,11,149
administrator2f1da8cc107ec077896ca6fc93905fb3.json,THE EXPLOSIVES ACT,1884,1,27
administrator2f7f6b8cfdf87e1119c78768ad083e0c.json,THE FOREST ACT,1927,13,17
administrator2fa5dc41b7e0669fb72e58fd50787218.json,"The Hydrogenated Vegetable Oil Industry (Control and Development) Act, 1973",1973,0,0
administrator2fab6f668b15763f8585280329f26b37.json,THE RELIGIOUS SOCIETIES ACT,1880,1,9
administrator2fdb5ccd9d442238fd84fbcf1b8bafb8.json,THE DOURINE ACT,1910,1,16
administrator309817cb2e46d8b593c66ad748a27bc7.json,"The Canal and Drainage Act, 1873",1873,0,0
administrator3166d6575bb1950ca8c08f173920445f.json,THE MARRIAGES VALIDATION ACT,1892,1,6
administrator3294e35255f255ea96b3356091fb4844.json,The Limitation Act,1908,5,27
administrator32d19e5c21e9875c8aa6e9e234f86153.json,The Partition Act,1893,1,10
administrator33a37f4a611d25752d7afcb8014a255b.json,Power Alcohol Ordinance,1959,1,9
administrator33ce6d0c4ac8fe50ae07bef7f1b998ec.json,THE CAPITAL DEVELOPMENT AUTHORITY (ABATEMENT OF ARBITRATION PROCEEDINGS) ACT,1975,1,4
administrator34876031ae7438385933aa2c76f22c2e.json,"The Pakistan Council of Architects and Town Planner Ordinance, 1983",1983,0,0
administrator349512a221832405c403f1294e1e5575.json,THE PROFESSIONS TAX LIMITATION ACT,1941,1,3
administrator34bbdadf07d30e64a884a488c00cbe92.json,THE MUNICIPAL TAXATION ACT,1881,1,7
administrator35664480c3a596849090e1db1a70d36d.json,"The Treasure-Trove Act, 1878",1878,0,0
administrator357cb59b2de5ea3eef36e4379060a4eb.json,THE CENTRES OF EXCELLENCE ACT,1974,1,12
administrator359d2ddc2ad3cb8f4a5bfa3c263e5ba1.json,THE DOWRY AND BRIDAL GIFTS (RESTRICTION) ACT,1976,1,12
administrator3651ef39f3a5822410427274955e87f3.json,"THE SECRETARIAT ALLOWANCE (RESCISSION OF ORDERS, ETC.) ORDINANCE",2000,1,3
administrator369ef7980ab81e0b188703977998df5e.json,THE SMALL CLAIMS AND MINOR OFFENCES COURTS ORDINANCE,2002,1,12
administrator36d7ffda1c10e012ab6ea61e117bae09.json,THE GOVERNMENT SAVINGS BANKS ACT,1873,6,12
administrator3713d47e24390ce8d2af2f60f121a670.json,THE PUBLIC ORDER (MEETINGS) ORDINANCE,1958,1,7
administrator3772954c177afad4f21b0257142ed337.json,"S Act, 1913",1913,0,0
administrator37c4306c1d2de9e0c062242e1240da08.json,THE SIKH GURDWARAS (SUPPLEMENTARY) ACT,1925,1,3
administrator38f3ee7a40f2e730cc326044d3663f6e.json,"The Pakistan Institute of Fashion and Design Act, 2011",2011,0,0
administrator3931b25055db9737894956c4b53954c3.json,THE LEGAL REPRESENTATIVES' SUITS ACT,1855,1,2
administrator398ab6a39b232bd13fbc7ccc0becdef0.json,THE PAKISTAN JUNIOR CADET CORPS ACT,1953,1,14
administrator3a246ebbf45c2f156b8ad52f83024d36.json,THE CHRISTIAN MARRIAGE ACT,1872,9,88
administrator3a3e64fb58215907d6e4a8cd7b6c1def.json,THE HINDU WIDOWS’ RE-MARRIAGE ACT,1856,1,7
administrator3be2bbbbc7621df62a783ab22a9a81fd.json,"The Motor Vehicles Act, 1939",1939,0,0
administrator3c0b4994cddecb135e5abf2b1c626d39.json,"The Regulation of Mines and Oil-Fields and Mineral Development (Government Control) Act, 1948",1948,0,0
administrator3c366a33367a7f7bb629832f53338afd.json,THE ARCHIVAL MATERIAL (PRESERVATION AND EXPORT CONTROL) ACT,1975,1,10
administrator3cbae595db7d5550014c8b399de42441.json,"The War Injuries Ordinance, 1941",1941,0,0
administrator3cdf079d6ed582481656a94465e64c12.json,"The Lepers Act, 1898",1898,0,0
administrator3d1271e37c7e9c01a3f6f0976552bc91.json,"The Newspaper Employees (Conditions of Service) Act, 1973",1973,0,0
administrator3d7efadcb67ac48dd8fd78c78cd1c1fb.json,Pakistan Atomic Energy Commission Ordinance,1965,3,20
administrator3d8b6c9589ba4d9a1fdcea968397639d.json,THE INLAND MECHANICALLY PROPELLED VESSELS ACT,1917,8,71
administrator3de374c43e9eb70f6a686ecedaa99aec.json,"The Extradition Act, 1972",1972,0,0
administrator3e138d510e1530c56c7e2db851e0fa8e.json,THE OIL AND GAS DEVELOPMENT CORPORATION (RE- ORGANIZATION) ORDINANCE,2001,1,7
administrator3e1ccd4a4970f66c4da5a06c1f7bb98f.json,THE TRIBAL AREAS (RESTORATION OF JURISDICTION) ACT,1964,1,3
administrator401f8aa04201fe132c0cd002e9fb451c.json,"The Territorial Waters and Maritime Zones Act, 1976",1976,0,0
administrator4168a135df500f0242aba7655ab6dff0.json,THE REMOVAL OF ACCUSED PERSONS ACT,1973,1,3
administrator416e6c94f52927a90e423f1ae3899e8c.json,THE LITERACY ORDINANCE,1985,1,4
administrator41dfd979f8bb1b89882ff6f34a5c5b3a.json,The Tolls (Army and Air Force) Act,1901,1,8
administrator424bc08c8c49db458367eece0538577e.json,THE PAKISTAN GIRL GUIDES ASSOCIATION ORDINANCE,1960,1,6
administrator43948dd87dbd8f689bcb2d1583247464.json,"The Karachi Rent Restriction Act, 1953",1953,0,0
administrator442aefd1739c1b07adb01e9b03e2e99f.json,THE CORPORATION EMPLOYEES (SPECIAL POWERS) ORDINANCE,1978,1,5
administrator46c9a3c62acc16428e73999e7d30ba2a.json,THE OFFICIAL SECRETS ACT,1923,2,19
administrator4794df1a10fe4daa43ac6d4b257a3a26.json,The Flying Clubs (Appointment of Administrators) Ordinance,1978,1,9
administrator47c9f207b96177e21ada8ef85bed1e8f.json,THE NATIONAL COMMISSION FOR HUMAN DEVELOPMENT ORDINANCE,2002,2,14
administrator47ec7e7d3843370d9621a07ae60ed9a4.json,The Registered Layout-Designs of Integrated Circuits Ordinance,2000,1,22
administrator4813a5fb8905b60eda98ebb361bd9e4e.json,"The Charitable and Religious Trusts Act, 1920",1920,0,0
administrator4885b870ed8d993fd7c01e46294a9251.json,THE AGRICULTURAL PESTICIDES ORDINANCE,1971,4,32
administrator489c40fa445ba2b3c8bce4092c211e31.json,"The Land Improvement Loans Act, 1883",1883,0,0
administrator48b083e7f2c44e28f6eb0a73477e8297.json,The Majority Act,1875,1,4
administrator48b15bbf10a56b9cafa2aecc7da033da.json,THE PREVENTION OF GAMBLING ACT,1977,1,12
administrator493e646a4463389bc4bb3f9f0e34d939.json,House Building Finance Corporation Act,1952,1,44
administrator49fda726a9bac937afa47f99cbae6395.json,THE PAKISTAN NAVY (EXTENSION OF SERVICE) ACT,1950,1,2
administrator4a4771b4b9e362dc9dbe2f1e7c16554f.json,"The Excise Duty On Minerals (Labour Welfare) Act, 1967",1967,0,0
administrator4a6efe2b68e892d437aea98367cf6687.json,THE SUCCESSION ACT,1925,23,165
administrator4a83245a574af5239b38c27738ae88ac.json,"The Carriage of Goods By Sea Act, 1925",1925,0,0
administrator4b50fb9f2a0417cc9afd65b75e8c292e.json,"The Waste Lands (Claims) Act, 1863",1863,0,0
administrator4c2a19956bf97c1840d56886347d5385.json,THE WIRELESS TELEGRAPHY ACT,1933,1,11
administrator4d7a0661573fd454146be7c40ab684f4.json,THE RESERVISTS (REINSTATEMENT IN CIVIL EMPLOYMENT) ORDINANCE,1965,1,5
administrator4d89bd23fd7d2201bf1e4fb0dc7a29d8.json,THE SECURITY OF PAKISTAN ACT,1952,1,27
administrator4e3cd6490cf146c10611923f82b5a6cf.json,Islamic Development Bank Ordinance,1978,2,16
administrator5041ac28656c3fb28458b9dea67d7702.json,"The Pakistan Institute of Engineering and Applied Sciences Ordinance, 2000",2000,0,0
administrator51c7baaf4df7518b66b24a25efff3a72.json,THE CIVIL SERVANTS (VALIDATION OF RULES) ORDINANCE,2001,1,2
administrator522b16a42c22b962dc086dc4fa150fea.json,"The Light House Act, 1927",1927,0,0
administrator52eb023c564764ed4eee8c85ef10959e.json,THE SETTLEMENT COMMISSIONERS (VALIDATION OF ORDERS) ACT,1972,1,3
administrator53b33d7c0ff80d13e0b8f5e4bd578970.json,Banking Companies Ordinance,1962,10,155
administrator5402adeffbce33506d27ce1ec6e92908.json,THE PRIVY PURSES (CHARGED EXPENDITURE) ACT,1968,1,2
administrator545b215767b98a0f4dd989395762d4aa.json,SMALL AND MEDIUM ENTERPRISES DEVELOPMENT AUTHORITY ORDINANCE,2002,11,36
administrator546c876d6ae7067a758f9cd51fd67b0f.json,The Carriers Act,1865,3,12
administrator546f97580c4012deb22e096dd05242b4.json,THE ORGANIZATION OF THE ISLAMIC CONFERENCE (IMMUNITIES AND PRIVILEGES) ACT,1977,5,20
administrator5533a440e4ce6839220c9d1092c1349e.json,The Insolvency Karachi Division Act,1909,13,48
administrator557e8cd273c8f3d495ac64336718409f.json,The Metal Tokens Act,1889,1,9
administrator561273680f95a0a19cf38cacc5ee4ea9.json,THE COMMERCIAL DOCUMENTS EVIDENCE ACT,1939,1,4
administrator563875ec0d9827cceb66f2b446d9de84.json,The Survey for Documentation of National Economy Ordinance,2000,1,8
administrator59fb5c5c675235e7378c29e39141d57e.json,THE PAKISTAN NUCLEAR REGULATORY AUTHORITY ORDINANCE,2001,1,60
administrator5a78ff5559911f2b13d17d04c7d27043.json,THE HINDU MARRIED WOMEN’S RIGHT TO SEPARATE RESIDENCE AND MAINTENANCE ACT,1946,1,3
administrator5a9c96066664bf9644d063fc533acc48.json,THE NATIONAL AND PROVINCIAL ASSEMBLIES (ELECTIONS TO RESERVED SEATS) ACT,1976,8,31
administrator5b385815fd33ce2c321222b62e8c7419.json,"Apprenticeship Ordinance,Â 1962",1962,0,0
administrator5c3cd0bcd9f780556ff2ea2ec2ca3140.json,"The Esso Undertakings (Vesting) Act, 1976",1976,0,0
administrator5d0253363802ee0d1f37594b51d1c4cf.json,THE LOCAL AUTHORITIES PENSIONS AND GRATUITIES ACT,1919,1,5
administrator5d1cb538dd70f201116a1c386269d097.json,THE MESNE PROFITS AND IMPROVEMENTS ACT,1855,1,3
administrator5d3f29ab30222e9f556d9a02bf22d823.json,"S University Ordinance, 1985",1985,0,0
administrator5d6b74fcde759f340d6d706574476e01.json,THE HACKNEY-CARRIAGE ACT,1879,1,10
administrator5e2384a83f7620cf156678da8574005f.json,THE GOVERNMENT TRADING TAXATION ACT,1926,1,2
administrator5e590de60f8b3e964f540d5d5f7911c6.json,THE KARACHI ELECTRIC SUPPLY CORPORATION (REMOVAL FROM SERVICE) ORDINANCE,1999,1,2
administrator5e93fac2df76e6993f8c8e739c827420.json,The Divorce Act,1869,15,60
administrator5f9c1f760dd21b9897220e63ea22d7c9.json,"THE STOCK EXCHANGES (CORPORATISATION, DEMUTUALIZATION AND INTEGRATION) ACT",2012,6,24
administrator5fd04a6dbe98996406f13e8bec75d26d.json,THE RIOT AND CIVIL COMMOTION RISKS INSURANCE ORDINANCE,1947,1,17
administrator60670d614d75e2e43264070cfeefe0cb.json,The Easements Act,1882,7,63
administrator61805913d2877bbf319c042d8394196d.json,"The Capital Development Authority Ordinance, 1960",1960,0,0
administrator6279ee5af21b73b01b433d6b2121190d.json,"The Public Health (Emergency Provisions) Ordinance, 1944",1944,0,0
administrator6290b823dce248fd9f5425921042f8bb.json,Islamabad (Preservation of Landscape) Ordinance,1966,1,15
administrator62c1ed39158cce35c09320d9bb9a7f36.json,THE RAILWAY STORES (UNLAWFUL POSSESSION) ORDINANCE,1944,1,3
administrator62d364ed9ebce133aae22996352d083b.json,"The Charitable Funds (Regulation of Collections) Act, 1953",1953,0,0
administrator64119c0b0a4118d9564f7f786b4ef5df.json,The Capital of the Republic (Determination of Area) Ordinance,1963,1,2
administrator64557d435e66c94b98ea5f4a481b8224.json,"The Sarais Act, 1867",1867,0,0
administrator646227a132eef97dffe87d9b649c675f.json,The Maintenance Orders Enforcement Act,1921,1,12
administrator653b4d4792ce7297b461fd2de3d7de84.json,THE WAR INJURIES (COMPENSATION INSURANCE) ACT,1943,1,20
administrator6598dabbad120033d4d42d717dcf9755.json,THE CODE OF CIVIL PROCEDURE,1908,16,172
administrator65be5a67a90779e2f64b6bea8a1368d6.json,Sindh Revenue Jurisdiction Act,1876,1,12
administrator664de79627a7c867e10942b7edec1d32.json,THE ESTABLISHMENT OF THE FEDERAL BANK FOR COOPERATIVES AND REGULATION OF COOPERATIVE BANKING ACT,1977,1,58
administrator666b70a8ded661e988071e3eee899e23.json,THE PROVISIONAL COLLECTION OF TAXES ACT,1931,1,6
administrator66dfa07a1720a9d25939d82bc7cee5d6.json,THE INTERNATIONAL MONETARY FUND AND BANK ACT,1950,1,8
administrator6767baf09de0a47be3636af17e2ac8ab.json,"The Transfer of Population Welfare Programme (Field Activities) Ordinance, 1983",1983,0,0
administrator677ba60f75cfd3eab21ac148b5e66a24.json,The Cotton Cloth Act,1918,1,14
administrator67c2ad375b8297f6fd5c41dda169c595.json,THE NATIONAL BOOK FOUNDATION ACT,1972,1,9
administrator6921382573969ea4699b13d3f4ad9969.json,THE COTTON TRANSPORT ACT,1923,1,9
administrator6944b1a3609700c11be00753cacfc993.json,"The Pakistan (Exchange of Prisoners) Ordinance, 1948",1948,0,0
administrator69648336fbd0273e41075a329baad40f.json,THE MUSSALMAN WAKF VALIDATING ACT,1913,1,5
administrator6a99292b3c035d174ec9a048e24c56d3.json,The Law Reports Act,1875,1,8
administrator6b30eb225e07601de7078671e1cc7022.json,The Patents Ordinance,2000,22,108
administrator6c674827f1366a165f5fa6c7387798b5.json,THE NATIONAL INVESTMENT (UNIT) TRUST ORDINANCE,1965,1,9
administrator6cd99cf50ae81517529b2681aaf214fc.json,"The Voluntary Social Welfare Agencies (Registration and Control) Ordinance, 1961",1961,0,0
administrator6d018dc6f52da62a927e04ad004c6890.json,Lac Cess Act,1930,1,13
administrator6e2025e398d01c93f5db47a234468c5c.json,Pakistan Red Crescent Society Act,1920,1,12
administrator6e52f905186798fc3b84a947447d222e.json,THE PAKISTAN MADRASAH EDUCATION (ESTABLISHMENT AND AFFILIATION OF MODEL DINI MADARIS) BOARD ORDINANCE,2001,1,7
administrator6e766308a4b09570d7774041e04262d0.json,THE HINDU GAINS OF LEARNING ACT,1930,1,4
administrator6f054cd7e4fad383e1981a1a71da7742.json,THE AGRICULTURAL PRODUCE (GRADING AND MARKING) ACT,1937,1,6
administrator706a192eb2a2f11e994e68c3d3653651.json,"The Trade Organizations Act, 2013",2013,0,0
administrator706a98a1deaabddd2a52d385536d0abd.json,"The Cattle-Trespass Act, 1871",1871,0,0
administrator7127b2a9f71004f4ce7165f41168465a.json,THE LEGAL PRACTITIONERS (FEES) ACT,1926,1,6
administrator7185aead954fdba01af9221ce6d9e3f8.json,"The Pakistan Coinage Act, 1906",1906,0,0
administrator71b03c0461fc9cbbb7b0cad08bdcb03f.json,"The Parsi Marriage and Divorce Act, 1936",1936,0,0
administrator72c8d9d538a66742b84a728e1658ab73.json,THE REFORMATORY SCHOOLS ACT,1897,5,25
administrator73253a0ac882a843e2ee9a1262c193b4.json,"The National College of Arts Ordinance, 1985",1985,0,0
administrator733f7a2d37e1edec33dbe8f6650c707a.json,"The Ports Act, 1908",1908,0,0
administrator73b8488fc2d15e4c017ef6c69f87d329.json,THE PAKISTAN SCIENCE FOUNDATION ACT,1973,1,19
administrator73bab03e326bc445d88192ab8cbc16e7.json,THE WEIGHTS AND MEASURES (INTERNATIONAL SYSTEM) ACT,1967,1,27
administrator747963b10be2426fcdfb6f7108d89bec.json,THE PAKISTAN ESSENTIAL SERVICES (MAINTENANCE) ACT,1952,1,10
administrator748fa1413263d08c2323b3bf8eb3b7fe.json,THE ASSOCIATED PRESS OF PAKISTAN (TAKING OVER) ORDINANCE,1961,1,10
administrator74cc9b7ea3de774e4c58b414efb6bebb.json,THE GOVERNMENT BUILDINGS ACT,1899,1,4
administrator74d0868b0cdc48e6a2fe409986af7653.json,THE AREA STUDY CENTRES ACT,1975,2,12
administrator74fcb4363cf22ef717cde24e97bdd849.json,THE PAKISTAN TOURIST GUIDES ACT,1976,1,12
administrator755c72be5b7f9e6595a0bccc8a09d746.json,Pakistan Ordnance Factories Board Ordinance,1961,1,15
administrator765a7fcd92df977a9c6fc4ababb3f829.json,The Cotton Ginning and Pressing Factories Act,1925,1,8
administrator7672c6973dcec2d75c974c66ffd74e90.json,Iqbal Academy Ordinance,1962,2,24
administrator76b5c9be46678c0ee94bbb9336e58d52.json,THE POST OFFICE NATIONAL SAVINGS CERTIFICATES ORDINANCE,1944,1,6
administrator77923ce792b475e339e1f46ba0442da3.json,THE TRANSFER OF PROPERTY ACT,1882,8,143
administrator77a6acc532755bb370d3fee3ff81aa7b.json,The Revocation of Privileges Act,1992,1,2
administrator77b10988f073410347ac390ee29eb5c9.json,"The Prevention of Smuggling Act, 1977",1977,0,0
administrator792ed51fc45a77de0eb9ca00cde20909.json,THE SUPREME COURT (NUMBER OF JUDGES) ACT,1997,1,2
administrator7958b24daa9f9348f35af1991d819398.json,The Delimitation of Constituencies Act,1974,1,13
administrator796966f5fe27247ea0700db26dc2e952.json,"The Charitable Endowments Act, 1890",1890,0,0
administrator7987f4437a744b92b9626dcd8c33b10c.json,THE BANKING TRIBUNALS (VALIDATION OF ORDERS) ACT,1994,1,2
administrator79c76a6cda926cc288d9f9b6a5d5b264.json,THE PAKISTAN BROADCASTING CORPORATION ACT,1973,7,22
administrator79cdef3eaf6234dd90563d22892f579e.json,THE GOVERNMENT TENANTS (NORTH-WEST FRONTIER) ACT,1893,1,9
administrator79f454ff038827bacaf1758984d449f7.json,"The National Highways Safety Ordinance, 2000",2000,0,0
administrator7ac8536ae0f83f2fe330a76c8d376d62.json,THE PAKISTAN BANKING AND FINANCE SERVICES COMMISSION ACT,1992,1,14
administrator7b9ba189592bdcc7c1eca569244e6bab.json,THE AIRCRAFT (REMOVAL OF DANGER TO SAFETY) ORDINANCE,1965,1,10
administrator7cdaa20a77bb820bbdebddb72d6c4721.json,"The Pakistan Industrial Development Corporation (Transfer of Projects and Companies) Act, 1974",1974,0,0
administrator7cee6780c21d6e69d03a695be5d1a869.json,"The Diplomatic and Consular Privileges Act, 1972",1972,0,0
administrator7db4367e97eddbb09333e0a9f87d4dfc.json,THE ANTI NARCOTICS FORCE ACT,1997,1,9
administrator7e29dd4c518f15a058c2110713f9d92c.json,"The Seed Act, 1976",1976,0,0
administrator7e6c41131f4f419dcac8f009173e180a.json,"The My University Islamabad Act, 2013",2013,0,0
administrator7e8503f55fcb6200206e3b84213fad48.json,THE PAKISTAN HOTELS AND RESTAURANTS ACT,1976,1,10
administrator7fb81171cb58e9160bf7d719a7ccef37.json,,,0,0
administrator7feb7421871aba03b75c6173a638b2a7.json,THE MEDICAL QUALIFICATIONS (INFORMATION) ORDINANCE,1960,3,7
administrator804ffa6d8c86db47686d4d86995275bc.json,The Surrender of Illicit Arms Act,1991,1,15
administrator806b77447397a52a9bd37aa6399878f4.json,THE REGIONAL DEVELOPMENT FINANCE CORPORATION AND SMALL BUSINESS FINANCE CORPORATION (AMALGAMATION AND CONVERSION) ORDINANCE,2001,1,14
administrator809a246717f4d2a1d2909ed86ca7dbde.json,THE RAILWAYS (LOCAL AUTHORITIES’ TAXATION) ACT,1941,1,4
administrator80b2f612690e094eeebff3f0d8b63d1c.json,THE NATIONAL TRAINING ORDINANCE,1980,1,9
administrator825b1c9bad7b5c1026e20dfe28bdaed6.json,Lansdowne Bridge Act,1892,1,4
administrator82667a82a20c35d5ee1e97ad66e230f4.json,"The Naturalization Act, 1926",1926,0,0
administrator82a1ef468ce026f7dc3a1a0e19759e2e.json,THE COMPANIES PROFITS (WORKERS PARTICIPATION) ACT,1968,1,10
administrator82bc64463939f911a97e388509155e4a.json,The Anand Marriage Act,1909,1,5
administrator8332a6df32386960ac7d81a5cf7aade2.json,"The Contract Act, 1872",1872,0,0
administrator838fddea2bd84054cde358506b537096.json,THE MARRIED WOMEN'S PROPERTY ACT,1874,6,10
administrator845215725b052c222802dd5c9b149092.json,The Kazis Act,1880,1,4
administrator85acedee0a8673dde8368f2216ab2880.json,THE INSPECTION AGENCIES (REGISTRATION AND REGULATION) ORDINANCE,1981,1,10
administrator86d2c3db62e273da1f2a13a2416c3d1b.json,"The Transfer of Evacuee Deposits Act, 1956",1956,0,0
administrator8820e88efaf7eedabf5c1d8c73b3dee5.json,"The Payment of Wages Act, 1936",1936,0,0
administrator883a72093afea29fca1e6f5fec5af796.json,THE LOCAL AUTHORITIES LOANS ACT,1914,1,9
administrator88869e029822dbe2b228f3584d46b6b8.json,THE SPORTS (DEVELOPMENT AND CONTROL) ORDINANCE,1962,2,5
administrator8922590399098ddfed00a6db56f2f91b.json,THE FOREIGNERS ACT,1946,1,23
administrator89ec1aed8993dc7500a42674b8433a47.json,"The Land Control (Karachi Division) Act, 1952",1952,0,0
administrator8b3d323c0cf37678679497c5aafbab40.json,"The Pakistan Agricultural Research Council Ordinance, 1981",1981,0,0
administrator8c0c9c8adfa3282499e0822eecaf710f.json,THE NATIONAL INSURANCE CORPORATION (REORGANIZATION) ORDINANCE,2000,1,9
administrator8c9829cb13f1a7b73c993d248fc3ab61.json,THE ISLAMABAD CLUB (ADMINISTRATION) ORDINANCE,1978,1,12
administrator8cfa246a000a71e94fd9f2bfbd7fdb84.json,"The Land Acquisition (Mines) Act, 1885",1885,0,0
administrator8d2abbb2c732e10da2c91038e0804080.json,THE WOMEN IN DISTRESS AND DETENTION FUND ACT,1996,1,11
administrator8d7192377f97c927f63fc68a280f2e87.json,COMSATS Institute of Information Technology Ordinance,2000,1,13
administrator8e89d7c42dd9194d3a74a43f12c8fe8e.json,THE POPULATION WELFARE PLANNING PROGRAMME (APPOINTMENT AND TERMINATION OF SERVICE) ORDINANCE,1981,1,11
administrator8e8e92d70904b7c9c0904c9da7c827bd.json,"The Validation of Laws Act, 1975",1975,0,0
administrator8eb87f4f0591f747aaa2611019c502bb.json,THE WHITE PHOSPHORUS MATCHES PROHIBITION ACT,1913,1,5
administrator8fe52ef9364bae85d4b0f2153b3a0525.json,THE PAKISTAN COUNCIL OF SCIENTIFIC AND INDUSTRIAL RESEARCH ACT,1973,3,17
administrator9052d5a368bd546d5a8dbe428bf6744c.json,THE ELEPHANTS’ PRESERVATION ACT,1879,5,12
administrator9119e6acb1306528caf338e446417494.json,THE LIMITATION (EMERGENCY AND WAR CONDITIONS) ACT,1965,1,4
administrator9140582d8c149f5e3e2cd50cf6b90f13.json,THE MEASURES OF LENGTH ACT,1889,1,7
administrator91bdc873bfd52f0aec1bfb8546216359.json,THE NATIONAL PRESS TRUST (APPOINTMENT OF CHAIRMAN) ACT,1972,1,5
administrator920798ebe6866d66302cafae2e8c2c6e.json,"The Sindh Incumbered Estates Act, 1896",1896,0,0
administrator928b2c2ef45547f6fd72490e62757369.json,"The Merchandise Marks Act, 1889",1889,0,0
administrator928e703010624ff20e0cf3276451fdce.json,THE NATIONAL ZAKAT FOUNDATION (MERGER IN THE BAIT-UL-MAL) ORDINANCE,2001,1,4
administrator92a7b7021d0f08ffc18e422d15735e65.json,THE DIPLOMATIC IMMUNITIES (COMMONWEALTH COUNTRIES REPRESENTATIVES) ACT,1957,1,8
administrator95a0bab5f0250b1437cafcb6508cc415.json,THE DANGEROUS CARGOES ACT,1953,1,13
administrator95b1b3b4987792e0d3cc23e46ce18969.json,THE MULTI-UNIT CO-OPERATIVE SOCIETIES ACT,1942,1,7
administrator95dda114739682aed8b784a819634050.json,The Arms Act,1878,7,33
administrator9610e0eae93f5de34c9af5d6adf5d7c7.json,"The Land Reforms Act, 1977",1977,0,0
administrator964ce81cc171ed5dcd0960630e922422.json,Industrial Relations Act,2012,11,91
administrator96adf8fa0f924275586ee1a77b062568.json,THE RAILWAYS (TRANSPORT OF GOODS) ACT,1947,1,6
administrator96bfdc148aea61a20e427ed401fd6fb1.json,THE MEDICAL OFFICERS (REGULARIZATION OF APPOINTMENTS) ACT,1992,1,4
administrator97cb430458c3149a54b33a28ae8143cd.json,THE COAL MINES (FIXATION OF RATES OF WAGES) ORDINANCE,1960,1,6
administrator986714d01c721676f2acfc816b18fc6a.json,The Execution of the Punishment of Whipping Ordinance,1979,1,7
administrator98f87f789657188919cf7c87e9c71524.json,"The Pakistan Territorial Force Act, 1950",1950,0,0
administrator98fec75e8dfca29cddd392ba8bd347da.json,THE SOUTH ASIAN STRATEGIC STABILITY INSTITUTE UNIVERSITY ISLAMABAD ACT,2013,7,35
administrator999043d9ce6f33fcbb5ecd8a58f5c79d.json,THE STAMP ACT,1899,8,82
administrator9a92dd810983fc449969d872d9ff53f4.json,THE HINDU WOMEN’S RIGHTS TO PROPERTY ACT,1937,1,5
administrator9b5baa0f444db1de5db2e5787e9d1237.json,THE FOREIGN CULTURAL ASSOCIATIONS (REGULATION OF FUNCTIONING) ACT,1975,1,17
administrator9d4c986b4fe62903074252ddba5eeca3.json,CUTTING OF TREES (PROHIBITION) ACT,1992,1,11
administrator9d6044552dddd25e9550942e2163e5da.json,THE EVACUEE TRUST PROPERTIES (MANAGEMENT AND DISPOSAL) ACT,1975,1,10
administrator9d60b89fa3dd51147d677e764c8772e3.json,"The Court-Fees Act, 1870",1870,0,0
administrator9dbf323a5be197b865503ff4b065b406.json,THE PAKISTAN MILITARY ACADEMY (DEGREES AND CERTIFICATES) ORDINANCE,1959,2,6
administrator9e6785790fb43c10beb79d45b7daa106.json,THE EXCISE (SPIRITS) ACT,1863,1,9
administrator9eb9167a64e55d690c7b0334cf1a9502.json,THE PAKISTAN COAST GUARDS ACT,1973,3,19
administrator9fc1ee6f12ae2fdafe00d5ee38c7be7a.json,Countervailing Duties Ordinance,2001,3,5
administratora06864a14032980df6c74221e72a8876.json,"The Airports Security Force Act, 1975",1975,0,0
administratora09241bd16f61d40a055c519805e850b.json,The Asian Development Bank Ordinance,1971,2,16
administratora0bf0b1883050a237d47158b9a5791a2.json,THE SPECIAL MARRIAGE ACT,1872,1,27
administratora25489da1a9ed8c9c927a144f6511732.json,The Service Tribunals Act,1973,1,12
administratora2b6f3407a109a491d47d649f6ff0c01.json,THE PAKISTAN CITIZENSHIP ACT,1951,1,26
administratora2befd40d215cadf121253d6efffa391.json,THE PRIVATE MILITARY ORGANISATIONS (ABOLITION AND PROHIBITION) ACT,1974,1,5
administratora4476d3c8e79dc2fa0574620496ba8bf.json,The Protection of Economic Reforms Act,1992,1,11
administratora489b811fe1cfaecf3f64e29f538d637.json,THE INDECENT ADVERTISEMENTS PROHIBITION ACT,1963,1,14
administratora4e506db9561c9da7c6be880946d03fa.json,THE PAKISTAN PLANT QUARANTINE ACT,1976,1,11
administratora4ef8d40e3d97faef49343d2242e0c3a.json,THE TRADE MARKS ORDINANCE,2001,15,138
administratora5563f831fa9feac0647bf8cd6c3872c.json,The Acting as Agents of Moallims (Prohibition) Ordinance,1980,1,5
administratora56880cdbd9fd85f9c3d5a9778b10390.json,THE FOREIGN EXCHANGE (PREVENTION OF PAYMENTS) ACT,1972,1,8
administratora6303c997da30442657bd566cbdc2ea3.json,The Fee-Charging Employment Agencies (Regulation) Act,1976,1,12
administratora6831a1472047810612c3e268cf4968a.json,The Cost and Management Accountants Act,1966,7,34
administratora725c493a8dfdfb4ba70437c9829bef8.json,THE INDUSTRIAL STATISTICS ACT,1942,1,12
administratora75de95f515a09d4de8eb9d31ab5af0d.json,THE FOREIGN CURRENCY ACCOUNTS (PROTECTION) ORDINANCE,2001,1,6
administratora79c09f9a3e1f05ca22ec61e7a064c17.json,THE INTEREST ACT,1839,1,1
administratora7e0c530782e34b0c43176acabeaa011.json,THE AGRICULTURISTS’ LOANS ACT,1884,1,7
administratora87de87dd0dd5cb80b7fa3c2d4aa7a89.json,The Arya Marriage Validation Act,1937,1,2
administratora9a889fd2717536c4cc270839ca38769.json,The Bahria University Ordinance 2000,2000,0,0
administratoraa71b2d6c7283e25f47c4f51796523e1.json,The Obstructions in Fairways Act,1881,1,13
administratoraa9c14377a06c01ceabecb49a94bd6bc.json,THE RECUSANT WITNESSES ACT,1853,1,44
administratorab18a09560ff06aef68eb7ef0621c1c7.json,THE CANTONMENTS ACT,1924,14,251
administratorabf2c799818b1c3b4cad372a4972698c.json,THE PAKISTAN INDUSTRIAL DEVELOPMENT CORPORATION (DISSOLUTION) ORDINANCE,1984,1,12
administratorac6862547a10cdfd7dc5f630b8f32fc3.json,"Telegraph Act, 1885",1885,0,0
administratorac79f4352008323be54eebaccf12d239.json,THE PAKISTAN NAMES AND EMBLEMS (PREVENTION OF UNAUTHORISED USE) ACT,1957,1,8
administratorac84fec38cbdff67dd3898bd38c30673.json,The Pakistan Veterinary Medical Council Act 1996,1996,0,0
administratorad4eab69eac3b5f52ffe374d3e7ff6bc.json,The Pakistan Refugees Rehabilitation Finance Corporation (Dissolution) Ordinance,1980,1,5
administratoradaacbf03195f8ecadcf31db4a69c76d.json,"The Central Depositories Act, 1997",1997,0,0
administratoraed14d36f9b9cb1259757b1af838ca51.json,The Pakistan Aeronautical Complex Board Ordinance,2000,1,13
administratoraf7be9587f13339baf709c9cf6ed9136.json,THE PUBLIC ACCOUNTANTS’ DEFAULT ACT,1850,1,6
administratoraf7c6baac7fe9336655a19d970889424.json,"The Petroleum Act, 1934",1934,0,0
administratorafb9b89337efce3e80e62931379c9939.json,THE SOLDIERS (LITIGATION) ACT,1925,1,16
administratorafc4418d23915a0f096218584e031127.json,"The Private Security Companies Ordinance, 2001",2001,0,0
administratorb062eb64b9476b2fda4f4609312b273d.json,THE POWERS-OF-ATTORNEY ACT,1882,1,6
administratorb0f20899a54bf55feeef52b006436462.json,The Abolition of the Punishment of Whipping Act,1996,1,4
administratorb1a231a9ecd9e3713ac761743c6a6986.json,The Tolls Act,1851,1,11
administratorb1c335eccbc622c75a68cc43cfcc953d.json,THE PAKISTAN (ARMY AND AIR FORCE) RESERVES ACT,1950,1,9
administratorb1eefa1b9a21e1fc65dce10436713550.json,THE PAKISTAN ARMED FORCES NURSING SERVICE ACT,1952,1,11
administratorb22dc23f6d59ddbc5546f72fc5606b85.json,THE PAKISTAN CIVIL AVIATION AUTHORITY ORDINANCE,1982,1,29
administratorb27d6e146d5ae6fc96b77e4a81fa3cf6.json,The Port Authorities Lands and Buildings (Recovery of Possession) Ordinance,1962,1,11
administratorb34362be18405a0754066473ad4b3b23.json,"The Admiralty Jurisdiction of High Courts Ordinance, 1980",1980,0,0
administratorb3773d0bd821991632eb6c517251e76c.json,THE NATIONAL BANK OF PAKISTAN ORDINANCE,1949,6,23
administratorb471549df99ab0f2ddc48782a0315e6f.json,THE DIPLOMATIC IMMUNITIES (CONFERENCES WITH COMMONWEALTH COUNTRIES) ACT,1963,1,6
administratorb4d981a750b5ae6c46c9351d22217c0e.json,"The Electricity Act, 1910",1910,0,0
administratorb5e816341da7c831ce5480cb5742636d.json,"The Enemy Agents Ordinance, 1943",1943,0,0
administratorb60fe60d8c74ce862aafd15e48a035af.json,THE CIVIL AVIATION ORDINANCE,1960,1,25
administratorb6470b8aab4926f2943e7870919a09bc.json,"The Chartered Accountants Ordinance, 1961",1961,0,0
administratorb707db1d2210df3a0e929c5463715dce.json,THE INVESTMENT CORPORATION OF PAKISTAN ORDINANCE,1966,1,36
administratorb93e618520500701f18b8d6bfac22794.json,THE NATIONAL INSTITUTE OF CARDIOVASCULAR DISEASES (ADMINISTRATION) ORDINANCE,1979,3,18
administratorb97a44ef18ea4fa99439e19004c1f2bf.json,The Tramways Act,1886,15,50
administratorb9c98a0e2872fb69256d9220ad031781.json,THE DOCK WORKERS (REGULATION OF EMPLOYMENT) ACT,1974,1,9
administratorba145174f469d3efd8536d3cbb79ec71.json,,,0,0
administratorba39c8b439dc5e207137d0356e6165ab.json,THE CHAIRMAN AND MEMBERS OF FEDERAL LAND COMMISSION (VALIDATION OF ORDERS) ORDINANCE,1981,1,2
administratorbb47d2cde643f77bbcc756ecf7570e7c.json,THE OFFENCES AGAINST PROPERTY (ENFORCEMENT OF HUDOOD) ORDINANCE,1979,2,9
administratorbb98c6a045200104d017480f99031251.json,"The Stage-Carriages Act, 1861",1861,0,0
administratorbbc0b5b0d78c35e99e3b94f6b77b69db.json,"The Partnership Act, 1932",1932,0,0
administratorbbd92510385081b4ad251827e040fd1a.json,THE GLANDERS AND FARCY ACT,1899,1,17
administratorbc4daf1cd281f7808ceb417c316f18ea.json,"The Islamabad Consumers Protection Act, 1995",1995,0,0
administratorbce84c6cf30cb149d8820a00cd175b08.json,"The Employment of Children Act, 1991",1991,0,0
administratorbd77c05f4a3969b21836d95342e5fc34.json,THE EXIT FROM PAKISTAN (CONTROL) ORDINANCE,1981,1,5
administratorbdccd7d3e7e218ad92ac90d69dee703a.json,"The Corporate and Industrial Restructuring Corporation Ordinance, 2000",2000,0,0
administratorbe3c32fcd8b85a60f3851b2482a04583.json,THE DRUGS ACT,1976,5,47
administratorbe81002044f65895757da5cc51a85222.json,THE EMPLOYERS’ LIABILITY ACT,1938,1,5
administratorbf3c739041f23d1715243047f9bab24c.json,"The Pakistan Standards and Quality Control Authority Act, 1996",1996,0,0
administratorbfdcbedb15edae32d2df6d9b13498a22.json,"The United Nations (Declaration of Death of Missing Persons) Act, 1956",1956,0,0
administratorbffe013013f133d371bfd6edc4e48396.json,The Control of Employment Ordinance,1965,1,17
administratorbffe66c6012e7d43ef73932bb2016971.json,THE HINDU INHERITANCE (REMOVAL OF DISABILITIES) ACT,1928,1,3
administratorc04599707559bad586492e3c473cf142.json,"The Empoyees Cost of Living (Relief) Act, 1974",1974,0,0
administratorc04aa67560932d925c97aff042760b51.json,THE PAKISTAN NAVAL ACADEMY (AWARD OF DEGREES) ORDINANCE,1965,1,5
administratorc076dfb6923d77c4a553eabd0b715938.json,The Essential Personnel (Registration) Ordinance,1948,1,7
administratorc0a301ae45df31b6a4b3828a5cd57fde.json,"S Compensation Act, 1923",1923,0,0
administratorc0d66c29b7f188230277e3d0855796eb.json,THE HINDU MARRIAGE DISABILITIES REMOVAL ACT,1946,1,2
administratorc10ab0da7e4f71ac662b72b4c05f8d87.json,"The Mussalman Wakf Act, 1923",1923,0,0
administratorc1450a7f4f2b3b5b93d09aca3418aa92.json,"The Abandoned Properties (Management) Act, 1975",1975,0,0
administratorc20d57623842627ed28e8f56d29e58e1.json,Cantonments Rent Restriction Act,1963,1,35
administratorc3238b262f5df9c1e7091d296bc29993.json,"The Pakistan Nursing Council Act, 1973",1973,0,0
administratorc3648894911e2550329beb4bcf63637d.json,THE MEDICAL COLLEGES (GOVERNING BODIES) ORDINANCE,1961,1,9
administratorc365e8638885be5dccf22e98c9e69d0b.json,THE EXCLUSIVE FISHERY ZONE (REGULATION OF FISHING) ACT,1975,1,16
administratorc3c2d650c60a91b19394127ca461b283.json,"The Modaraba Companies and Modaraba (Floatation and Control) Ordinance, 1980",1980,0,0
administratorc491bd16a4271481200b974dd8220709.json,THE COMPANIES (APPOINTMENT OF TRUSTEES) ACT,1972,1,16
administratorc4adcc448feb6542f54a1507ff2b6809.json,THE VACCINATION ACT,1880,1,23
administratorc4cb3a510a896318665eec27e013c4b5.json,The Pakistan College of Physicians and Surgeons Ordinance,1962,1,19
administratorc4e702ce4c8e77fee0203f809e3833c9.json,THE NATIONAL INSTITUTE OF ELECTRONICS ORDINANCE,1979,4,17
administratorc5066ed56c64509c5aee22965b30cff7.json,The Gwadur (Application of Central Laws) Ordinance,1960,1,3
administratorc54694b004c4dbc6b8cc8b4b0c935e8a.json,THE REGISTRATION OF FOREIGNERS ACT,1939,1,9
administratorc59339c610e14042c34043be418621f7.json,"The Probation of offenders Ordinance, 1960",1960,0,0
administratorc63dfb5eea3af6a1649faa23aa25ee3e.json,THE DEVELOPMENT OF INDUSTRIES (GOVERNMENT CONTROL) ACT,1949,2,33
administratorc66d03456235d55a9e107ca30fd6f14e.json,"The Employees Social Insurance Ordinance, 1962",1962,0,0
administratorc6ac9c6df43581421462c0bbbbef30ef.json,THE SUGAR EXPORT SUBSIDY FUND ORDINANCE,1970,1,11
administratorc774f7e02d8464e42ff93992c6abcba1.json,THE CANTONMENTS ORDINANCE,2002,22,308
administratorc7c877581e52d3d1120d355c0db410c5.json,THE TEA ORDINANCE,1959,5,31
administratorc81ef5362bee2815d083a885428b4b77.json,THE PAKISTAN INSTITUTE OF INTERNATIONAL AFFAIRS (ADMINISTRATION) ORDINANCE,1980,1,11
administratorc8394b0d2e1a74176bb00e01392e473b.json,The Cotton Cloth and Yarn (Contracts) Ordinance,1944,1,2
administratorc8803548fbfe346d380935fb63ac2cd0.json,THE PAKISTAN FISH INSPECTION AND QUALITY CONTROL ACT,1997,1,18
administratorc8837f7797bb62e0d29f9b64f19cc243.json,"The Registered Designs Ordinance, 2000",2000,0,0
administratorc8a212332f8c70013ceb9dbdcc7d70ee.json,The Coconut Committee Act,1944,1,11
administratorc94aeb8ee3e750bf2775495293a4972b.json,THE PUBLICATION OF THE HOLY QURAN (ELIMINATION OF PRINTING ERRORS) ACT,1973,1,11
administratorca62d882690244e6d85f1f85b8661276.json,THE TRAVEL AGENCIES ACT,1976,1,16
administratorca853071d88dc3cfba7fd3b8cd7797c8.json,THE STANDARD TIME (INTERPRETATION OF REFERENCES) ORDINANCE,1943,1,2
administratorcac99cc58b80266aa469b18e7923cad9.json,THE IMPORT OF GOODS (PRICE EQUALIZATION SURCHARGE) ACT,1967,1,9
administratorcb5cefe03486e589bb9a96de6ed1d0f6.json,THE TRANSFER OF EVACUEE LAND (KATCHI ABADI) ACT,1972,1,14
administratorcbb1ad05a6c91333ccb0da0e2d7c123a.json,THE DIPLOMATIC AND CONSULAR OFFICERS (OATHS AND FEES) ACT,1948,1,9
administratorce4c3de80f90b28e7c9548a78fb717c2.json,The Fatal Accidents Act,1855,1,4
administratorce5035108131d033cfb7b4ab8569da3c.json,THE WILD BIRDS AND ANIMALS PROTECTION ACT,1912,1,9
administratorce8e5467178e4ff59ec8ba8d8b92f939.json,THE CLAIMS FOR MAINTENANCE (RECOVERY ABROAD) ORDINANCE,1959,2,16
administratorcf6de2451af9e9d016e5fef2ac7e1562.json,THE PAKISTAN TELECOMMUNICATION (RE-ORGANIZATION) ACT,1996,9,69
administratorcfe16f59145fd29f2baae7031fb7385c.json,THE LAND REFORMS REGULATION (VALIDATION OF ORDERS) ORDINANCE,1978,1,2
administratord0007923181eb87781034d5da4a5f22e.json,"The Quaid-E-Azam University Act, 1973",1973,0,0
administratord058f1585ed54ef81974349bcf705d53.json,"The Provident Funds Act, 1925",1925,0,0
administratord09318b5121053d149a1d2ee8c024cd6.json,THE OIL SEEDS COMMITTEE ACT,1946,1,11
administratord1a77d682a1274e8785d581c54538851.json,THE ISLAMABAD REAL ESTATE AGENTS AND MOTOR VEHICLES DEALERS (REGULATION OF BUSINESS) ORDINANCE,1984,1,12
administratord22e3517bdf1c372e2836d95a87bff15.json,THE FOREIGN EXCHANGE (TEMPORARY RESTRICTIONS) ACT,1998,1,5
administratord23ba7d141055b0987b896a1cb5cf247.json,THE PAKISTAN INTERNATIONAL AIRLINES CORPORATION ACT,1956,1,33
administratord265c726d2d564a9377ed7a8e04708ae.json,"The Guardians and Wards Act, 1890",1890,0,0
administratord2876c0ca2780e889724d4a8bebddc74.json,THE EMPLOYMENT (RECORD OF SERVICES) ACT,1951,1,12
administratord2a43e2e40d8af8e23fd95cba332137b.json,"S (Functions, Powers, Terms and Conditions of Service) Ordinance, 2001",2001,0,0
administratord38ffb9bf94389b2a754a8a545c97b7c.json,THE POLICE (INCITEMENT TO DISAFFECTION) ACT,1922,1,6
administratord4052d132eb84f24c085f56fd91debee.json,"The Ferries Act, 1878",1878,0,0
administratord50e1a1544614d7c09baf7d09783b1d2.json,THE PAKISTAN ANIMAL QUARANTINE (IMPORT AND EXPORT OF ANIMALS AND ANIMAL PRODUCTS) ORDINANCE,1979,1,14
administratord516d60c34ec57d45ade11224bd15922.json,THE PAKISTAN ENGINEERING COUNCIL ACT,1975,1,37
administratord5b4fb41a79f41fd7f85175910ad4510.json,THE REVENUE RECOVERY ACT,1890,1,9
administratord6369a6d16474d51e20eac4a31ae883e.json,THE PAKISTAN COUNCIL OF RESEARCH IN WATER RESOURCES ACT,2007,3,23
administratord6e6b4be928d501164ee8af487fa6d3e.json,THE NATIONAL GUARDS ACT,1973,5,25
administratord75d61863efafcda747cd3c90c002ba4.json,THE LAWS LOCAL EXTENT ACT,1874,2,16
administratord8815b237f5842a0cef72b22d5a68ee4.json,"The Allama Iqbal Open University Act, 1974",1974,0,0
administratord889d8fe337fc6ac0318f2d6f4b54d75.json,THE STAPLE COTTON (EXCISE DUTY) ORDINANCE,1978,1,7
administratord921936a6103b6b5035e8141f55e9ca3.json,The Usurious Loans Act,1918,1,4
administratorda80475067b0b4ebdd3688ea3792097f.json,THE ANTIQUITIES ACT,1975,1,40
administratordbbced85c2a2e033ef5ef0acced5dc89.json,THE NATIONAL UNIVERSITY OF COMPUTER AND EMERGING SCIENCES ORDINANCE,2000,1,11
administratordd27c025343e72b7598e0dae6c72240c.json,The Pakistan Banking (Prevention of Default and Evasion of Liabilities) Ordinance,1947,1,11
administratorddefa532cd235246ebbdb8439d847510.json,THE INDUS RIVER SYSTEM AUTHORITY ACT,1992,7,18
administratorddf3e3fc89e79d12e051082e9fdaa1e7.json,THE INDUSTRIAL DEVELOPMENT BANK OF PAKISTAN (REORGANIZATION AND CONVERSION) ACT,2011,1,15
administratorde527088a6cc7f384f4beebfc32ab87e.json,The Agricultural Produce Cess Act,1940,1,7
administratordeb5b58d7fd5b7b6fa804b8b9919915c.json,THE EX-EMPLOYEES OF THE FORMER GOVERNMENT OF EAST PAKISTAN (APPOINTMENT TO FEDERAL POSTS) ORDINANCE,1983,1,5
administratordf20c39174d64c9b1cf2340693bace92.json,THE MINES ACT,1923,10,70
administratordfe187919a2c974a87c531b9e0acd032.json,THE FEDERAL INVESTIGATION AGENCY ACT,1974,1,10
administratore129e87e37f831d84f6c7718744a2488.json,"The Tea (Control of Prices, Distribution and Movement) Ordinance, 1960",1960,0,0
administratore177c1bbaa6f138ba8fb1100bd6872f1.json,"The Cantonments (House-Accommodation) Act, 1923",1923,0,0
administratore1b5ab79c2c1975670e6aa7fe57e57d6.json,"The Competition Act, 2010",2010,0,0
administratore2688f380a1b6331f72585033581d491.json,THE ENEMY PROPERTY (CONTINUANCE OF EMERGENCY PROVISIONS) ORDINANCE,1969,1,6
administratore30ef38868e5116d72022d5c3983d341.json,"The Civil Defence Act, 1952",1952,0,0
administratore33a61bdf0659ec30aa77435f93ce2a7.json,THE INTERNATIONAL FINANCE CORPORATION ACT,1956,1,5
administratore343618e943aebe5c7f35248395449b6.json,THE PAKISTAN COMMISSIONS OF INQUIRY ACT,1956,1,14
administratore4c4cbbff677c804a406277d0f1bc239.json,THE INTERNATIONAL DEVELOPMENT ASSOCIATION ORDINANCE,1960,1,5
administratore583ea1b36dbe2d3d2161083f905eb92.json,"The Pakistan Tobacco Board Ordinance, 1968",1968,0,0
administratore6916bf7f32ce375570aff0b6d343786.json,THE PAKISTAN RAILWAYS POLICE ACT,1977,5,20
administratore76fcf01a8103c67d13c638ef9545317.json,"The State Immunity Ordinance, 1981",1981,0,0
administratore813326417ec81a69687b4bac90a9c49.json,THE SECURITIES AND EXCHANGE COMMISSION OF PAKISTAN ACT,1997,15,84
administratore8a332cad1093952d0ecb86288b38c75.json,THE GENERAL CLAUSES ACT,1897,6,37
administratore99e42319a45df244f2605b0d1864744.json,THE DRUGS AND MEDICINES (INDEMNITY) ACT,1957,1,3
administratoreb33b52bbe1303f593b6674f960a536e.json,"The Motion Pictures Ordinance, 1979",1979,0,0
administratorec3ee90d7c8aef5ea43c2de8369e71a3.json,THE PROTECTION OF COMMUNAL PROPERTIES OF MINORITIES ORDINANCE,2002,1,7
administratorece3387105d06b88985c51eb508a3657.json,"The Sind Textile Board Ordinance, 1949",1949,0,0
administratored2b3183cde5884ddf1fdb05f475ab79.json,"THE BIRTHS, DEATHS AND MARRIAGES REGISTRATION ACT",1886,6,21
administratored344512ee8880c806252ff508032c93.json,THE NEWSPRINT CONTROL ORDINANCE,1971,1,12
administratorede3d1ed09f38a5a686366e4a21720f7.json,THE GOVERNMENT MANAGEMENT OF PRIVATE ESTATES ACT,1892,1,9
administratorede62fb0012b42c5d1aab4166249809a.json,THE PENSIONS ACT,1871,4,15
administratoree5b868df2638762a408c9a3535684a6.json,THE FOREIGN PRIVATE INVESTMENT (PROMOTION AND PROTECTION) ACT,1976,1,12
administratorf161addf2835d80f9c3e460daa990828.json,"The Conciliation Courts Ordinance, 1961",1961,0,0
administratorf18236573886117d6da46c29f913eba2.json,The Geneva Convention Implementing Act,1936,1,6
administratorf1aa61c341a174c3b06720c7c374b527.json,"The Establishment of The office of Federal Tax Ombudsman Ordinance, 2000",2000,0,0
administratorf257754bbb3c6863d879492bc8cd8f6e.json,The Specific Relief Act,1877,11,52
administratorf2659375fe49533f79b277d9a770c645.json,THE BANKERS’ BOOKS EVIDENCE ACT,1891,1,7
administratorf3245fc19ff721a7c8cc4d1f6624e136.json,THE WORKS OF DEFENCE ACT,1903,6,45
administratorf38efe0a6e760531f05b4a29ba4ba215.json,"The Factories Act, 1934",1934,0,0
administratorf3bd8ebe041346ad002f70ddae5d0799.json,The Mental Health Ordinance 2001,2001,0,0
administratorf3be1ec8d21dfebb9c5d1733f43cffe6.json,"Old-Age Benefits Act, 1976",1976,0,0
administratorf3d6af77e272b22613d8e5f54ee51db4.json,THE SHORT TITLES ACT,1973,1,3
administratorf4b3fcf40fcf894c9f9de10bddad7b5e.json,THE SYSTEM OF SARDARI (ABOLITION) ACT,1976,1,6
administratorf52ca164147bac86f88b7a2703d72c21.json,THE NATIONAL INSTITUTE OF HEALTH ORDINANCE,1980,3,22
administratorf6dbb6da01ffbde98af88b1f0b63af0c.json,The Dock Labourers Act,1934,1,12
administratorf6dca75099770f5f828ebeef149c9332.json,THE COOPERATIVE SOCIETIES (REPAYMENT OF LOANS) ORDINANCE,1960,1,8
administratorf7eb59fbb35317f59e951c912ac8095f.json,THE EYE SURGERY (RESTRICTION) ORDINANCE,1960,1,6
administratorf8a8c1661a39d36d076bbd98704a845b.json,THE CANTONMENTS PURE FOOD ACT,1966,6,33
administratorf8d126d8b4f2dac388965693040bda27.json,THE ELECTRICITY CONTROL ORDINANCE,1965,1,9
administratorf9185dfb88e3eb50f54bca3031e47e0c.json,THE DORMANT FUNDS (ADMINISTRATION) ACT,1966,1,2
administratorf9396ed16f308a520606b5299d8c7dac.json,"The Cotton Act, 1957",1957,0,0
administratorf9c206847eda2ca44c51fb160c99bb31.json,THE DECORATIONS ACT,1975,1,7
administratorf9c9cd95c3ebe5cc50e7b7f7a0f09a4d.json,THE CO-OPERATIVE FARMING ACT,1976,10,55
administratorfb32d6015ae887e6d6b85018961842ea.json,THE DISSOLUTION OF MUSLIM MARRIAGES ACT,1939,1,6
administratorfb5b5de2c74da5146d5e23b94b3f4489.json,THE TEA PLANTATIONS LABOUR ORDINANCE,1962,5,19
administratorfc3aa04cce2bdc77ca20fd7620c6e3e9.json,THE PROVINCIAL INSOLVENCY ACT,1920,8,15
administratorfc99040b8c95fa97c584d07cfbdccbdf.json,"THE ISLAMABAD CAPITAL TERRITORY SHOPS, BUSINESS AND INDUSTRIAL ESTABLISHMENTS (SECURITY) ORDINANCE",2000,1,5
administratorfca27c0e6d692c2b4c7e5cf9aec7c40c.json,The Pakistan Currency Act,1950,1,5
administratorfcc1fd50653c4388af24644221c951d1.json,THE PREVENTION OF SEDITIOUS MEETINGS ACT,1911,1,8
administratorfd19eec0a97080f151dac2a8406dea88.json,"The Zakat and Ushr Ordinance, 1980",1980,0,0
administratorfd6d3aeaf486058588ab550ea5475652.json,THE NATURAL GAS (DEVELOPMENT SURCHARGE) ORDINANCE,1967,1,8
administratorff619921471a94db5b97268e94c651e2.json,THE DISTURBED AREAS (SPECIAL POWERS) ORDINANCE,1962,1,6
administratorffca67e7dc76b0ec7a050f421f9b6437.json,"The Chemical Weapons Convention Implementation Ordinance, 2000",2000,0,0
